Workbook
Name Slicer_Risk_Flag: #N/A

Sheet Read_Me
A1: Recipe Cost & Margin Risk Dashboard — Week 2 Data Model
A3: Color legend:
A4: Blue text = hardcoded input (type these yourself)
A5: Green text = formula pulling from another sheet (VLOOKUP / SUMIF)
A6: Black text = formula using only cells on the same sheet
A8: Sheet order & purpose:
A9: 1. Ingredients — master list. One row per ingredient. Never repeats.
A10: 2. Recipes — one row per recipe. Margin %% and Risk_Flag live here.
A11: 3. Recipe_Ingredients — junction table. One row per (recipe, ingredient) pair.
A12: Use the dropdowns in columns A and C — don't type IDs by hand.
A14: To add a new recipe:
A15: 1. Add a new row in Recipes with a new Recipe_ID, then drag formulas G:J down.
... A22: in the Recipe_Ingredients dropdown immediately.

Sheet Ingredients
A1: Ingredient_ID | B1: Ingredient_Name | C1: Unit | D1: Cost_Per_Unit | E1: Primary_Vendor | F1: Category
A2: ING001 | B2: All-Purpose Flour | C2: g | D2: 0.0022 | E2: Costco | F2: Dry Goods
A3: ING002 | B3: Granulated Sugar | C3: g | D3: 0.0018 | E3: Costco | F3: Dry Goods
A4: ING003 | B4: Unsalted Butter | C4: g | D4: 0.0088 | E4: Kroger | F4: Dairy
A5: ING004 | B5: Large Eggs | C5: ea | D5: 0.3 | E5: Kroger | F5: Dairy
A6: ING005 | B6: Chocolate Chips | C6: g | D6: 0.012 | E6: Costco | F6: Dry Goods
A7: ING006 | B7: Brown Sugar | C7: g | D7: 0.002 | E7: Costco | F7: Dry Goods
A8: ING007 | B8: Vanilla Extract | C8: ml | D8: 0.08 | E8: Kroger | F8: Dry Goods
A9: ING008 | B9: Baking Soda | C9: g | D9: 0.002 | E9: Kroger | F9: Dry Goods
A10: ING009 | B10: Salt | C10: g | D10: 0.001 | E10: Kroger | F10: Dry Goods
A11: ING010 | B11: Lemons | C11: ea | D11: 0.6 | E11: Kroger | F11: Produce
A12: ING011 | B12: Powdered Sugar | C12: g | D12: 0.003 | E12: Costco | F12: Dry Goods
A13: ING012 | B13: Cocoa Powder | C13: g | D13: 0.012 | E13: Costco | F13: Dry Goods
... A22: ING021 | B22: Ice | C22: g | D22: 0.0002 | E22: N/A | F22: Free/Negligible

Sheet Pivot_MarginRank
A3: Row Labels | B3: Average of Margin_%
A4: Iced Tea | B4: 0.94833333
A5: Sugar Cookies | B5: 0.92245833
A6: Blueberry Muffin | B6: 0.90077778
A7: Banana Bread | B7: 0.9001875
A8: Chicken Tex-Mex Tray | B8: 0.889425
A9: Fudge Brownies | B9: 0.88192857
A10: Chocolate Chip Cookies | B10: 0.87035
A11: Cappuccino | B11: 0.86305882
A12: Latte | B12: 0.85111111
A13: Lemon Bars | B13: 0.091
A14: Grand Total | B14: 0.81186305

Sheet Pivot_MarginPersona
A3: Row Labels | B3: Average of Margin_%
A4: Daniel | B4: 0.89082026
A5: Albert | B5: 0.889425
A6: Mai | B6: 0.73318488
A7: Grand Total | B7: 0.81186305

Sheet Pivot_AtRisk
A1: Risk_Flag | B1: AT RISK
A3: Row Labels | B3: Average of Margin_%
A4: Lemon Bars | B4: 0.091
A5: Grand Total | B5: 0.091

Sheet Recipes
A1: Recipe_ID | B1: Recipe_Name | C1: Persona_Type | D1: Selling_Price | E1: Yield | F1: Notes | G1: Total_Batch_Cost | H1: Cost_Per_Unit_Sold | I1: Margin_% | J1: Risk_Flag
A2: REC001 | B2: Chocolate Chip Cookies | C2: Mai | D2: 2.5 | E2: 24 | F2: price per cookie | G2: =SUMIF(Recipe_Ingredients!$A$2:$A$1000,A2,Recipe_Ingredients!$G$2:$G$1000) -> 7.779 | H2: =G2/E2 -> 0.324125 | I2: =(D2-H2)/D2 -> 0.87035 | J2: =IF(I2<IF(C2="Mai",0.2,0.1),"AT RISK","OK") -> OK
A3: REC002 | B3: Lemon Bars | C3: Mai | D3: 0.5 | E3: 16 | F3: price per bar — intentionally underpriced, test case | G3: =SUMIF(Recipe_Ingredients!$A$2:$A$1000,A3,Recipe_Ingredients!$G$2:$G$1000) -> 7.272 | H3: =G3/E3 -> 0.4545 | I3: =(D3-H3)/D3 -> 0.091 | J3: =IF(I3<IF(C3="Mai",0.2,0.1),"AT RISK","OK") -> AT RISK
A4: REC003 | B4: Fudge Brownies | C4: Mai | D4: 3.5 | E4: 16 | F4: price per brownie | G4: =SUMIF(Recipe_Ingredients!$A$2:$A$1000,A4,Recipe_Ingredients!$G$2:$G$1000) -> 6.612 | H4: =G4/E4 -> 0.41325 | I4: =(D4-H4)/D4 -> 0.88192857 | J4: =IF(I4<IF(C4="Mai",0.2,0.1),"AT RISK","OK") -> OK
A5: REC004 | B5: Banana Bread | C5: Mai | D5: 4 | E5: 8 | F5: price per slice | G5: =SUMIF(Recipe_Ingredients!$A$2:$A$1000,A5,Recipe_Ingredients!$G$2:$G$1000) -> 3.194 | H5: =G5/E5 -> 0.39925 | I5: =(D5-H5)/D5 -> 0.9001875 | J5: =IF(I5<IF(C5="Mai",0.2,0.1),"AT RISK","OK") -> OK
A6: REC005 | B6: Sugar Cookies | C6: Mai | D6: 2 | E6: 24 | F6: price per cookie | G6: =SUMIF(Recipe_Ingredients!$A$2:$A$1000,A6,Recipe_Ingredients!$G$2:$G$1000) -> 3.722 | H6: =G6/E6 -> 0.15508333 | I6: =(D6-H6)/D6 -> 0.92245833 | J6: =IF(I6<IF(C6="Mai",0.2,0.1),"AT RISK","OK") -> OK
A7: REC006 | B7: Latte | C7: Daniel | D7: 4.5 | E7: 1 | F7: price per drink | G7: =SUMIF(Recipe_Ingredients!$A$2:$A$1000,A7,Recipe_Ingredients!$G$2:$G$1000) -> 0.67 | H7: =G7/E7 -> 0.67 | I7: =(D7-H7)/D7 -> 0.85111111 | J7: =IF(I7<IF(C7="Mai",0.2,0.1),"AT RISK","OK") -> OK
A8: REC007 | B8: Cappuccino | C8: Daniel | D8: 4.25 | E8: 1 | F8: price per drink | G8: =SUMIF(Recipe_Ingredients!$A$2:$A$1000,A8,Recipe_Ingredients!$G$2:$G$1000) -> 0.582 | H8: =G8/E8 -> 0.582 | I8: =(D8-H8)/D8 -> 0.86305882 | J8: =IF(I8<IF(C8="Mai",0.2,0.1),"AT RISK","OK") -> OK
A9: REC008 | B9: Iced Tea | C9: Daniel | D9: 3 | E9: 1 | F9: price per drink, includes ice | G9: =SUMIF(Recipe_Ingredients!$A$2:$A$1000,A9,Recipe_Ingredients!$G$2:$G$1000) -> 0.155 | H9: =G9/E9 -> 0.155 | I9: =(D9-H9)/D9 -> 0.94833333 | J9: =IF(I9<IF(C9="Mai",0.2,0.1),"AT RISK","OK") -> OK
A10: REC009 | B10: Blueberry Muffin | C10: Daniel | D10: 3.75 | E10: 12 | F10: price per muffin, batch of 12 | G10: =SUMIF(Recipe_Ingredients!$A$2:$A$1000,A10,Recipe_Ingredients!$G$2:$G$1000) -> 4.465 | H10: =G10/E10 -> 0.37208333 | I10: =(D10-H10)/D10 -> 0.90077778 | J10: =IF(I10<IF(C10="Mai",0.2,0.1),"AT RISK","OK") -> OK
A11: REC010 | B11: Chicken Tex-Mex Tray | C11: Albert | D11: 8 | E11: 50 | F11: price per serving, tray serves 50 | G11: =SUMIF(Recipe_Ingredients!$A$2:$A$1000,A11,Recipe_Ingredients!$G$2:$G$1000) -> 44.23 | H11: =G11/E11 -> 0.8846 | I11: =(D11-H11)/D11 -> 0.889425 | J11: =IF(I11<IF(C11="Mai",0.2,0.1),"AT RISK","OK") -> OK

Sheet Pivot_CategoriesLineCost
A3: Row Labels | B3: Sum of Line_Cost
A4: Protein | B4: 44
A5: Dairy | B5: 14.994
A6: Dry Goods | B6: 14.682
A7: Produce | B7: 4.75
A8: Free/Negligible | B8: 0.255
A9: #N/A | B9: 0
A10: Grand Total | B10: 78.681

Sheet Recipe_Ingredients
A1: Recipe_ID | B1: Recipe_Name | C1: Ingredient_ID | D1: Ingredient_Name | E1: Unit | F1: Quantity_Used | G1: Line_Cost | H1: Categories
A2: REC001 | B2: =VLOOKUP(A2,Recipes!$A$2:$B$11,2,FALSE()) -> Chocolate Chip Cookies | C2: ING001 | D2: =VLOOKUP(C2,Ingredients!$A$2:$F$22,2,FALSE()) -> All-Purpose Flour | E2: =VLOOKUP(C2,Ingredients!$A$2:$F$22,3,FALSE()) -> g | F2: 280 | G2: =F2*VLOOKUP(C2,Ingredients!$A$2:$F$22,4,FALSE()) -> 0.616 | H2: =INDEX(Ingredients!F:F,MATCH(C2,Ingredients!A:A)) -> Dry Goods
A3: REC001 | B3: =VLOOKUP(A3,Recipes!$A$2:$B$11,2,FALSE()) -> Chocolate Chip Cookies | C3: ING002 | D3: =VLOOKUP(C3,Ingredients!$A$2:$F$22,2,FALSE()) -> Granulated Sugar | E3: =VLOOKUP(C3,Ingredients!$A$2:$F$22,3,FALSE()) -> g | F3: 150 | G3: =F3*VLOOKUP(C3,Ingredients!$A$2:$F$22,4,FALSE()) -> 0.27 | H3: =INDEX(Ingredients!F:F,MATCH(C3,Ingredients!A:A)) -> Dry Goods
A4: REC001 | B4: =VLOOKUP(A4,Recipes!$A$2:$B$11,2,FALSE()) -> Chocolate Chip Cookies | C4: ING006 | D4: =VLOOKUP(C4,Ingredients!$A$2:$F$22,2,FALSE()) -> Brown Sugar | E4: =VLOOKUP(C4,Ingredients!$A$2:$F$22,3,FALSE()) -> g | F4: 150 | G4: =F4*VLOOKUP(C4,Ingredients!$A$2:$F$22,4,FALSE()) -> 0.3 | H4: =INDEX(Ingredients!F:F,MATCH(C4,Ingredients!A:A)) -> Dry Goods
A5: REC001 | B5: =VLOOKUP(A5,Recipes!$A$2:$B$11,2,FALSE()) -> Chocolate Chip Cookies | C5: ING003 | D5: =VLOOKUP(C5,Ingredients!$A$2:$F$22,2,FALSE()) -> Unsalted Butter | E5: =VLOOKUP(C5,Ingredients!$A$2:$F$22,3,FALSE()) -> g | F5: 225 | G5: =F5*VLOOKUP(C5,Ingredients!$A$2:$F$22,4,FALSE()) -> 1.98 | H5: =INDEX(Ingredients!F:F,MATCH(C5,Ingredients!A:A)) -> Dairy
A6: REC001 | B6: =VLOOKUP(A6,Recipes!$A$2:$B$11,2,FALSE()) -> Chocolate Chip Cookies | C6: ING004 | D6: =VLOOKUP(C6,Ingredients!$A$2:$F$22,2,FALSE()) -> Large Eggs | E6: =VLOOKUP(C6,Ingredients!$A$2:$F$22,3,FALSE()) -> ea | F6: 2 | G6: =F6*VLOOKUP(C6,Ingredients!$A$2:$F$22,4,FALSE()) -> 0.6 | H6: =INDEX(Ingredients!F:F,MATCH(C6,Ingredients!A:A)) -> Dairy
A7: REC001 | B7: =VLOOKUP(A7,Recipes!$A$2:$B$11,2,FALSE()) -> Chocolate Chip Cookies | C7: ING007 | D7: =VLOOKUP(C7,Ingredients!$A$2:$F$22,2,FALSE()) -> Vanilla Extract | E7: =VLOOKUP(C7,Ingredients!$A$2:$F$22,3,FALSE()) -> ml | F7: 5 | G7: =F7*VLOOKUP(C7,Ingredients!$A$2:$F$22,4,FALSE()) -> 0.4 | H7: =INDEX(Ingredients!F:F,MATCH(C7,Ingredients!A:A)) -> Dry Goods
A8: REC001 | B8: =VLOOKUP(A8,Recipes!$A$2:$B$11,2,FALSE()) -> Chocolate Chip Cookies | C8: ING008 | D8: =VLOOKUP(C8,Ingredients!$A$2:$F$22,2,FALSE()) -> Baking Soda | E8: =VLOOKUP(C8,Ingredients!$A$2:$F$22,3,FALSE()) -> g | F8: 5 | G8: =F8*VLOOKUP(C8,Ingredients!$A$2:$F$22,4,FALSE()) -> 0.01 | H8: =INDEX(Ingredients!F:F,MATCH(C8,Ingredients!A:A)) -> Dry Goods
A9: REC001 | B9: =VLOOKUP(A9,Recipes!$A$2:$B$11,2,FALSE()) -> Chocolate Chip Cookies | C9: ING009 | D9: =VLOOKUP(C9,Ingredients!$A$2:$F$22,2,FALSE()) -> Salt | E9: =VLOOKUP(C9,Ingredients!$A$2:$F$22,3,FALSE()) -> g | F9: 3 | G9: =F9*VLOOKUP(C9,Ingredients!$A$2:$F$22,4,FALSE()) -> 0.003 | H9: =INDEX(Ingredients!F:F,MATCH(C9,Ingredients!A:A)) -> Dry Goods
A10: REC001 | B10: =VLOOKUP(A10,Recipes!$A$2:$B$11,2,FALSE()) -> Chocolate Chip Cookies | C10: ING005 | D10: =VLOOKUP(C10,Ingredients!$A$2:$F$22,2,FALSE()) -> Chocolate Chips | E10: =VLOOKUP(C10,Ingredients!$A$2:$F$22,3,FALSE()) -> g | F10: 300 | G10: =F10*VLOOKUP(C10,Ingredients!$A$2:$F$22,4,FALSE()) -> 3.6 | H10: =INDEX(Ingredients!F:F,MATCH(C10,Ingredients!A:A)) -> Dry Goods
A11: REC002 | B11: =VLOOKUP(A11,Recipes!$A$2:$B$11,2,FALSE()) -> Lemon Bars | C11: ING001 | D11: =VLOOKUP(C11,Ingredients!$A$2:$F$22,2,FALSE()) -> All-Purpose Flour | E11: =VLOOKUP(C11,Ingredients!$A$2:$F$22,3,FALSE()) -> g | F11: 250 | G11: =F11*VLOOKUP(C11,Ingredients!$A$2:$F$22,4,FALSE()) -> 0.55 | H11: =INDEX(Ingredients!F:F,MATCH(C11,Ingredients!A:A)) -> Dry Goods
A12: REC002 | B12: =VLOOKUP(A12,Recipes!$A$2:$B$11,2,FALSE()) -> Lemon Bars | C12: ING011 | D12: =VLOOKUP(C12,Ingredients!$A$2:$F$22,2,FALSE()) -> Powdered Sugar | E12: =VLOOKUP(C12,Ingredients!$A$2:$F$22,3,FALSE()) -> g | F12: 200 | G12: =F12*VLOOKUP(C12,Ingredients!$A$2:$F$22,4,FALSE()) -> 0.6 | H12: =INDEX(Ingredients!F:F,MATCH(C12,Ingredients!A:A)) -> Dry Goods
A13: REC002 | B13: =VLOOKUP(A13,Recipes!$A$2:$B$11,2,FALSE()) -> Lemon Bars | C13: ING003 | D13: =VLOOKUP(C13,Ingredients!$A$2:$F$22,2,FALSE()) -> Unsalted Butter | E13: =VLOOKUP(C13,Ingredients!$A$2:$F$22,3,FALSE()) -> g | F13: 225 | G13: =F13*VLOOKUP(C13,Ingredients!$A$2:$F$22,4,FALSE()) -> 1.98 | H13: =INDEX(Ingredients!F:F,MATCH(C13,Ingredients!A:A)) -> Dairy
... A57: REC010 | B57: =VLOOKUP(A57,Recipes!$A$2:$B$11,2,FALSE()) -> Chicken Tex-Mex Tray | C57: ING009 | D57: =VLOOKUP(C57,Ingredients!$A$2:$F$22,2,FALSE()) -> Salt | E57: =VLOOKUP(C57,Ingredients!$A$2:$F$22,3,FALSE()) -> g | F57: 30 | G57: =F57*VLOOKUP(C57,Ingredients!$A$2:$F$22,4,FALSE()) -> 0.03 | H57: =INDEX(Ingredients!F:F,MATCH(C57,Ingredients!A:A)) -> Dry Goods
B58: =IF(A58="","",VLOOKUP(A58,Recipes!$A$2:$B$11,2,FALSE())) | D58: =IF(C58="","",VLOOKUP(C58,Ingredients!$A$2:$F$22,2,FALSE())) | E58: =IF(C58="","",VLOOKUP(C58,Ingredients!$A$2:$F$22,3,FALSE())) | G58: =IF(OR(C58="",F58=""),"",F58*VLOOKUP(C58,Ingredients!$A$2:$F$22,4,FALSE())) | H58: =INDEX(Ingredients!F:F,MATCH(C58,Ingredients!A:A)) -> #N/A
B59: =IF(A59="","",VLOOKUP(A59,Recipes!$A$2:$B$11,2,FALSE())) | D59: =IF(C59="","",VLOOKUP(C59,Ingredients!$A$2:$F$22,2,FALSE())) | E59: =IF(C59="","",VLOOKUP(C59,Ingredients!$A$2:$F$22,3,FALSE())) | G59: =IF(OR(C59="",F59=""),"",F59*VLOOKUP(C59,Ingredients!$A$2:$F$22,4,FALSE())) | H59: =INDEX(Ingredients!F:F,MATCH(C59,Ingredients!A:A)) -> #N/A
B60: =IF(A60="","",VLOOKUP(A60,Recipes!$A$2:$B$11,2,FALSE())) | D60: =IF(C60="","",VLOOKUP(C60,Ingredients!$A$2:$F$22,2,FALSE())) | E60: =IF(C60="","",VLOOKUP(C60,Ingredients!$A$2:$F$22,3,FALSE())) | G60: =IF(OR(C60="",F60=""),"",F60*VLOOKUP(C60,Ingredients!$A$2:$F$22,4,FALSE())) | H60: =INDEX(Ingredients!F:F,MATCH(C60,Ingredients!A:A)) -> #N/A
B61: =IF(A61="","",VLOOKUP(A61,Recipes!$A$2:$B$11,2,FALSE())) | D61: =IF(C61="","",VLOOKUP(C61,Ingredients!$A$2:$F$22,2,FALSE())) | E61: =IF(C61="","",VLOOKUP(C61,Ingredients!$A$2:$F$22,3,FALSE())) | G61: =IF(OR(C61="",F61=""),"",F61*VLOOKUP(C61,Ingredients!$A$2:$F$22,4,FALSE())) | H61: =INDEX(Ingredients!F:F,MATCH(C61,Ingredients!A:A)) -> #N/A
B62: =IF(A62="","",VLOOKUP(A62,Recipes!$A$2:$B$11,2,FALSE())) | D62: =IF(C62="","",VLOOKUP(C62,Ingredients!$A$2:$F$22,2,FALSE())) | E62: =IF(C62="","",VLOOKUP(C62,Ingredients!$A$2:$F$22,3,FALSE())) | G62: =IF(OR(C62="",F62=""),"",F62*VLOOKUP(C62,Ingredients!$A$2:$F$22,4,FALSE())) | H62: =INDEX(Ingredients!F:F,MATCH(C62,Ingredients!A:A)) -> #N/A
B63: =IF(A63="","",VLOOKUP(A63,Recipes!$A$2:$B$11,2,FALSE())) | D63: =IF(C63="","",VLOOKUP(C63,Ingredients!$A$2:$F$22,2,FALSE())) | E63: =IF(C63="","",VLOOKUP(C63,Ingredients!$A$2:$F$22,3,FALSE())) | G63: =IF(OR(C63="",F63=""),"",F63*VLOOKUP(C63,Ingredients!$A$2:$F$22,4,FALSE())) | H63: =INDEX(Ingredients!F:F,MATCH(C63,Ingredients!A:A)) -> #N/A
B64: =IF(A64="","",VLOOKUP(A64,Recipes!$A$2:$B$11,2,FALSE())) | D64: =IF(C64="","",VLOOKUP(C64,Ingredients!$A$2:$F$22,2,FALSE())) | E64: =IF(C64="","",VLOOKUP(C64,Ingredients!$A$2:$F$22,3,FALSE())) | G64: =IF(OR(C64="",F64=""),"",F64*VLOOKUP(C64,Ingredients!$A$2:$F$22,4,FALSE())) | H64: =INDEX(Ingredients!F:F,MATCH(C64,Ingredients!A:A)) -> #N/A
B65: =IF(A65="","",VLOOKUP(A65,Recipes!$A$2:$B$11,2,FALSE())) | D65: =IF(C65="","",VLOOKUP(C65,Ingredients!$A$2:$F$22,2,FALSE())) | E65: =IF(C65="","",VLOOKUP(C65,Ingredients!$A$2:$F$22,3,FALSE())) | G65: =IF(OR(C65="",F65=""),"",F65*VLOOKUP(C65,Ingredients!$A$2:$F$22,4,FALSE())) | H65: =INDEX(Ingredients!F:F,MATCH(C65,Ingredients!A:A)) -> #N/A
B66: =IF(A66="","",VLOOKUP(A66,Recipes!$A$2:$B$11,2,FALSE())) | D66: =IF(C66="","",VLOOKUP(C66,Ingredients!$A$2:$F$22,2,FALSE())) | E66: =IF(C66="","",VLOOKUP(C66,Ingredients!$A$2:$F$22,3,FALSE())) | G66: =IF(OR(C66="",F66=""),"",F66*VLOOKUP(C66,Ingredients!$A$2:$F$22,4,FALSE())) | H66: =INDEX(Ingredients!F:F,MATCH(C66,Ingredients!A:A)) -> #N/A
B67: =IF(A67="","",VLOOKUP(A67,Recipes!$A$2:$B$11,2,FALSE())) | D67: =IF(C67="","",VLOOKUP(C67,Ingredients!$A$2:$F$22,2,FALSE())) | E67: =IF(C67="","",VLOOKUP(C67,Ingredients!$A$2:$F$22,3,FALSE())) | G67: =IF(OR(C67="",F67=""),"",F67*VLOOKUP(C67,Ingredients!$A$2:$F$22,4,FALSE())) | H67: =INDEX(Ingredients!F:F,MATCH(C67,Ingredients!A:A)) -> #N/A
B68: =IF(A68="","",VLOOKUP(A68,Recipes!$A$2:$B$11,2,FALSE())) | D68: =IF(C68="","",VLOOKUP(C68,Ingredients!$A$2:$F$22,2,FALSE())) | E68: =IF(C68="","",VLOOKUP(C68,Ingredients!$A$2:$F$22,3,FALSE())) | G68: =IF(OR(C68="",F68=""),"",F68*VLOOKUP(C68,Ingredients!$A$2:$F$22,4,FALSE())) | H68: =INDEX(Ingredients!F:F,MATCH(C68,Ingredients!A:A)) -> #N/A
B69: =IF(A69="","",VLOOKUP(A69,Recipes!$A$2:$B$11,2,FALSE())) | D69: =IF(C69="","",VLOOKUP(C69,Ingredients!$A$2:$F$22,2,FALSE())) | E69: =IF(C69="","",VLOOKUP(C69,Ingredients!$A$2:$F$22,3,FALSE())) | G69: =IF(OR(C69="",F69=""),"",F69*VLOOKUP(C69,Ingredients!$A$2:$F$22,4,FALSE())) | H69: =INDEX(Ingredients!F:F,MATCH(C69,Ingredients!A:A)) -> #N/A
... B77: =IF(A77="","",VLOOKUP(A77,Recipes!$A$2:$B$11,2,FALSE())) | D77: =IF(C77="","",VLOOKUP(C77,Ingredients!$A$2:$F$22,2,FALSE())) | E77: =IF(C77="","",VLOOKUP(C77,Ingredients!$A$2:$F$22,3,FALSE())) | G77: =IF(OR(C77="",F77=""),"",F77*VLOOKUP(C77,Ingredients!$A$2:$F$22,4,FALSE())) | H77: =INDEX(Ingredients!F:F,MATCH(C77,Ingredients!A:A)) -> #N/A
